2022-10-31 06:27:24,-338.9659,-348.0608,16643.0,0,0,0,146.125,146.375,363.75,0,829.3389,23.02,3.486909,1.952176,177.9195,1657.802
2022-10-31 06:27:24,-332.948,-338.0966,16768.01,-1,-1,1,144.75,147.375,360.375,0,829.3389,23.02,5.552443,2.978786,176.2817,1657.802
2022-10-31 06:27:24,-343.9388,-370.1159,16784.01,-2,-2,1,146.875,148.5,362.0,0,829.3462,23.02,6.670596,3.510069,174.8929,1657.731
2022-10-31 06:27:24,-350.934,-352.1259,16778.01,-1,-2,-1,146.75,148.125,362.125,0,829.3374,23.03,7.245817,3.787299,173.6567,1657.818
2022-10-31 06:27:24,-333.9313,-350.1305,16719.01,-1,1,-1,146.5,149.75,363.875,0,829.355,23.03,7.516118,3.938605,172.504,1657.646
2022-10-31 06:27:25,-319.9298,-358.1322,16724.01,-3,0,-1,146.25,151.25,362.125,1,829.3296,23.03,7.61442,4.027176,171.3852,1657.895
2022-10-31 06:27:25,-338.9297,-379.1297,16725.01,1,-1,-1,148.125,148.625,365.625,1,829.3406,23.03,7.473572,4.029463,170.3689,1657.786
2022-10-31 06:27:25,-337.9297,-359.1268,16726.01,-1,-1,1,145.0,146.75,362.5,1,829.3389,23.03,7.304943,4.028032,169.3946,1657.802
2022-10-31 06:27:25,-345.9295,-356.1238,16688.01,-1,1,-1,144.625,147.125,361.25,1,829.3586,23.03,7.130319,4.044737,168.4311,1657.609
2022-10-31 06:27:25,-350.9295,-352.1202,16733.01,-2,-2,0,147.125,146.75,358.375,2,829.3577,23.03,6.924071,4.043061,167.4821,1657.62
2022-10-31 06:27:26,-332.9306,-356.115,16737.01,0,-2,0,146.75,143.375,361.875,2,829.3521,23.03,6.620071,3.977666,166.6188,1657.673
2022-10-31 06:27:26,-352.9298,-355.1124,16739.01,-2,-1,1,143.875,148.0,361.5,2,829.3342,23.03,6.470779,4.026444,165.7048,1657.847
2022-10-31 06:27:26,-329.9301,-388.1081,16735.01,-2,-2,1,145.25,146.375,361.875,2,829.3127,23.03,6.220955,4.006876,164.8386,1658.059
2022-10-31 06:27:26,-483.928,-497.1026,16765.01,-25,21,140,146.875,148.25,363.375,2,829.3545,23.03,5.902132,4.12796,164.1741,1657.649
2022-10-31 06:27:27,-356.9283,-386.0992,16751.01,-5,2,1,147.0,146.625,361.125,3,829.3318,23.03,5.705036,4.114431,163.3227,1657.874
2022-10-31 06:27:27,-405.9262,-1013.089,16734.01,8,39,7,145.5,150.0,363.0,3,829.3586,23.03,5.131774,4.233129,162.4354,1657.609
2022-10-31 06:27:27,-383.9269,-380.0873,16737.01,-1,-10,3,146.5,145.125,363.375,3,829.3499,23.02,5.020901,4.192887,161.6305,1657.697
2022-10-31 06:27:27,-311.9275,-671.082,16687.01,5,22,62,147.625,148.25,366.25,3,829.3223,23.03,4.717034,4.159557,160.9014,1657.966
2022-10-31 06:27:27,-399.9261,-387.082,16729.01,0,11,2,147.875,151.25,364.0,4,829.3608,23.03,4.715688,4.238327,160.0573,1657.588
2022-10-31 06:27:28,-376.9276,-133.0813,16715.01,-12,5,0,151.75,145.875,362.125,4,829.3438,23.02,4.675298,4.154861,159.3377,1657.755
2022-10-31 06:27:28,-400.9282,-310.0783,16747.01,-5,10,0,149.0,146.5,363.375,4,829.3774,23.02,4.502337,4.119115,158.6282,1657.424
2022-10-31 06:27:28,-420.9293,-360.074,16744.01,-3,0,-1,148.625,144.0,362.75,4,829.3286,23.02,4.253024,4.055608,157.9623,1657.903
2022-10-31 06:27:28,-436.9291,-366.0714,16726.01,-2,-1,0,147.375,147.875,366.125,5,829.3677,23.02,4.104476,4.067413,157.2669,1657.52
2022-10-31 06:27:29,-405.9293,-85.07261,16728.01,0,0,1,144.625,147.25,365.625,5,829.3516,23.03,4.174472,4.056617,156.6059,1657.678
2022-10-31 06:27:29,-394.9305,-863.062,16742.0,-13,-9,25,145.5,147.625,368.125,5,829.3689,23.02,3.562755,3.983589,155.9827,1657.509
2022-10-31 06:27:29,-436.9315,171.9339,16744.0,-11,-7,102,147.625,143.75,366.75,5,829.3562,23.03,3.799327,3.927437,155.5602,1657.633
2022-10-31 06:27:29,-223.9347,-636.0592,16676.0,-28,-4,234,148.375,149.25,367.25,5,829.3428,23.03,3.400052,3.74529,155.2622,1657.765
2022-10-31 06:27:30,-549.9293,91.93349,16738.0,-15,-19,-279,150.0,161.125,363.625,6,829.3347,23.02,3.823355,4.055124,154.0632,1657.845
2022-10-31 06:27:30,-539.9275,-440.0628,16749.0,-4,-2,-12,160.375,164.125,351.5,6,829.3555,23.02,3.611526,4.158191,153.2929,1657.641
2022-10-31 06:27:30,-520.9302,-492.053,16729.0,-4,14,0,179.25,154.125,329.125,6,829.3403,23.03,3.0441,3.999629,152.7494,1657.789
2022-10-31 06:27:30,408.0517,-361.0411,16725.0,-17,-9,-14,170.625,130.875,331.75,6,829.3511,23.03,2.357907,2.96291,152.4817,1657.683
2022-10-31 06:27:31,-381.9519,-312.0331,16700.0,-1,-4,0,167.125,124.25,336.875,7,829.3301,23.02,1.900719,2.758415,152.2462,1657.89
2022-10-31 06:27:31,-362.9547,-543.024,16690.0,-4,-1,0,172.0,125.375,337.75,7,829.3567,23.02,1.379054,2.597537,151.9946,1657.628
2022-10-31 06:27:31,-377.9554,-548.019,16733.0,4,0,-1,166.0,125.125,339.125,7,829.3516,23.02,1.088232,2.554155,151.6739,1657.678
2022-10-31 06:27:31,-386.9562,-542.0146,16730.0,-2,-3,0,166.625,124.0,339.625,7,829.3584,23.02,0.8353143,2.512235,151.3708,1657.612
2022-10-31 06:27:31,-365.9555,-2341.991,16737.0,3,-13,4,158.875,127.875,348.625,8,829.3308,23.03,-0.5211161,2.550496,150.9252,1657.882
2022-10-31 06:27:32,-485.9459,23.98757,16713.0,28,-30,-15,151.0,149.0,356.375,8,829.3462,23.03,0.7131104,3.100817,150.1186,1657.731
2022-10-31 06:27:32,-339.9411,277.9695,16737.0,12,-8,15,199.125,193.5,340.375,8,829.3457,23.03,1.753442,3.379188,149.1672,1657.736
2022-10-31 06:27:32,-308.9577,89.99223,16758.0,1,-3,-2,290.125,126.5,310.5,8,829.3611,23.03,0.4458151,2.422157,150.3087,1657.586
2022-10-31 06:27:32,-262.9736,-72.97682,16750.0,-17,6,3,212.625,55.125,341.125,8,829.3491,23.03,-1.328557,1.514614,151.4418,1657.702
2022-10-31 06:27:33,-288.9733,-346.9812,16709.0,-23,-16,-39,147.375,89.5,368.875,9,829.3521,23.03,-1.075023,1.527945,151.2401,1657.673
2022-10-31 06:27:33,-443.9657,-1070.983,16749.0,-10,-8,3,136.75,108.25,379.25,9,829.3286,23.03,-0.9719131,1.964108,150.8429,1657.903
2022-10-31 06:27:33,-420.9572,-555.9944,16750.0,2,1,-74,133.875,120.375,374.75,9,829.3611,23.03,-0.3234962,2.455217,150.2147,1657.586
2022-10-31 06:27:33,-478.9499,-89.00861,16728.0,-1,-7,-187,128.0,124.25,373.625,9,829.3359,23.03,0.4943056,2.870912,149.4514,1657.831
2022-10-31 06:27:33,-442.9448,-267.0168,16731.0,-1,0,-190,125.0,130.875,375.25,10,829.364,23.03,0.962899,3.163081,148.6921,1657.557
2022-10-31 06:27:34,-270.9461,-269.0198,16718.0,-5,-12,-73,126.125,128.0,378.0,10,829.3269,23.03,1.135904,3.088022,148.2222,1657.921
2022-10-31 06:27:34,-203.9481,-409.0199,16753.0,3,-66,-1111,121.75,131.0,381.25,10,829.3179,23.03,1.143495,2.977396,146.2064,1658.008
2022-10-31 06:27:34,-100.9494,-1332.007,16669.0,-6,9,-1370,110.125,129.625,394.875,10,829.3333,23.03,0.3899542,2.902108,143.8337,1657.858
2022-10-31 06:27:34,-490.936,-123.0214,16779.0,308,235,-1508,98.125,134.125,402.5,11,829.3528,23.03,1.229575,3.667408,141.2536,1657.667
2022-10-31 06:27:35,194.0554,-26.02362,16724.0,7,-26,-939,92.125,136.125,407.0,11,829.3638,23.03,1.355574,3.173862,139.6087,1657.559
2022-10-31 06:27:35,-229.943,-372.0211,16727.0,4,13,-1437,83.75,138.625,409.75,11,829.3459,23.03,1.209362,3.265597,137.2003,1657.734
2022-10-31 06:27:35,69.05142,-1414.005,16729.0,9,5,-313,80.375,135.75,412.375,11,829.3267,23.03,0.2972809,2.947932,136.4593,1657.921
2022-10-31 06:27:35,224.05,-414.008,16719.0,5,2,-905,65.25,133.125,420.0,11,829.3484,23.03,0.4567186,2.863679,134.8035,1657.71
2022-10-31 06:27:36,-400.9425,-419.009,16750.0,13,-11,-1539,51.625,127.875,428.5,12,829.3579,23.03,0.5186544,3.295325,132.2538,1657.617
2022-10-31 06:27:36,-361.9362,-678.0043,16665.0,0,-16,-2260,30.5,117.625,423.375,12,829.3293,23.03,0.2504268,3.659592,128.6788,1657.897
2022-10-31 06:27:36,-514.931,442.9839,16737.0,-1,-3,-238,21.625,111.0,426.0,12,829.3323,23.03,0.9281607,3.953687,128.148,1657.868
2022-10-31 06:27:36,-92.93387,-373.0145,16706.0,-1,-1,0,18.5,111.0,424.0,12,829.3789,23.03,0.8312071,3.792039,127.944,1657.411
2022-10-31 06:27:36,-99.93542,-369.0134,16740.0,-2,-1,0,18.5,111.625,425.25,13,829.3279,23.03,0.7692482,3.702817,127.7328,1657.911
2022-10-31 06:27:37,-481.9295,-797.0081,16725.0,-5,3,162,15.875,114.75,421.25,13,829.3726,23.02,0.4650395,4.044974,127.7013,1657.472
2022-10-31 06:27:37,-110.9272,51.98472,16703.0,-7,-41,-234,4.5,112.875,423.5,13,829.3445,23.02,0.8779423,4.174654,127.0959,1657.747
2022-10-31 06:27:37,-140.9177,382.9733,16730.0,-11,31,-67,-6.5,124.0,423.625,13,829.3416,23.01,1.536678,4.723313,126.661,1657.776
2022-10-31 06:27:37,-116.9145,-332.0257,16729.0,-5,7,-15,-6.25,124.625,423.75,14,829.3245,23.01,1.475395,4.906371,126.3047,1657.945
2022-10-31 06:27:38,-49.92577,-408.026,16706.0,0,-5,-1,32764.38,118.0,421.0,14,829.3208,23.01,1.492588,4.257406,136.5959,1657.979
2022-10-31 06:27:38,-59.90975,-391.0015,16655.0,0,1,-7,-24579.13,119.5,422.625,14,829.3269,23.01,0.0834924,5.178588,128.1826,1657.921
2022-10-31 06:27:38,1420.094,-2.017556,16147.0,55,204,226,-25.625,152.125,420.875,14,829.3445,23.01,1.010493,5.405632,127.8064,1657.747
2022-10-31 06:27:38,329.1098,-880.0184,16731.01,-5,-1,-2,-19.0,200.125,430.875,15,829.3086,23.01,1.063436,6.304936,126.7436,1658.101
2022-10-31 06:27:39,-1419.839,-533.9773,16751.01,6,222,-213,-8195.875,207.125,449.625,15,829.3203,23.0,-1.317598,9.256568,116.6534,1657.985
2022-10-31 06:27:39,-631.8477,976.9988,16659.01,-2,18,-67,-15.75,212.875,459.375,15,829.3218,23.01,0.06770668,8.764031,116.2381,1657.971
2022-10-31 06:27:39,-243.8566,87.9908,16757.01,-3,3,25,-25.25,223.25,463.0,15,829.3408,23.0,0.5326743,8.244694,115.7329,1657.784
2022-10-31 06:27:39,-95.86588,315.9817,16704.01,-2,14,33,-15.375,241.25,458.5,15,829.324,23.0,1.057174,7.708301,115.2176,1657.95
2022-10-31 06:27:39,-86.87455,-206.018,16695.01,-9,-2,3,-12.25,242.375,458.25,16,829.3147,23.01,1.036966,7.207429,114.6208,1658.04
2022-10-31 06:27:40,-175.8497,83.01917,16747.01,-5,-6,24,-8195.25,240.125,453.125,16,829.3403,23.0,-1.111363,8.643168,103.7809,1657.789
2022-10-31 06:27:40,-274.8846,76.01649,16716.01,-23,6,-23,9.75,226.125,437.875,16,829.3423,23.01,-0.9510755,6.630597,104.0024,1657.771
2022-10-31 06:27:40,-89.91042,89.01243,16737.0,-5,-3,-1,12.875,223.875,440.625,16,829.3301,23.01,-0.7149636,5.139942,104.1021,1657.89
2022-10-31 06:27:40,-119.9251,-207.9883,16717.0,1,1,-1,9.25,223.375,444.25,17,829.3455,23.01,-0.6699308,4.29752,104.0078,1657.739
2022-10-31 06:27:41,-103.9343,-206.9888,16764.0,-27,-9,-1,8.5,226.375,443.125,17,829.3359,23.01,-0.644007,3.768896,103.8262,1657.831
2022-10-31 06:27:41,-119.9422,-582.9843,16801.0,-14,9,-7,13.5,217.125,442.0,17,829.356,23.02,-0.8993296,3.313726,103.6646,1657.636
2022-10-31 06:27:41,-113.9483,434.006,16745.0,-12,7,-29,14.5,210.625,446.625,17,829.3289,23.03,-0.3428389,2.963847,103.5153,1657.9
2022-10-31 06:27:41,-113.9521,-1311.979,16778.0,-23,0,6,10.375,208.0,466.125,17,829.342,23.03,-1.202038,2.747538,103.3255,1657.773
2022-10-31 06:27:42,-167.9554,-632.9785,16776.0,1,61,-6,16386.88,213.5,480.25,18,829.3113,23.03,-1.23441,2.558415,115.9967,1658.074
2022-10-31 06:27:42,-594.9375,-889.9654,16154.0,298,40,-9,-24577.38,237.125,495.25,18,829.3142,23.02,-1.987755,3.585316,105.2323,1658.045
2022-10-31 06:27:42,-137.9259,352.0421,16703.0,19,-48,3,-16387.5,251.875,504.25,18,829.3247,23.01,-2.42208,4.247454,93.84786,1657.942
2022-10-31 06:27:42,-285.9157,1149.041,16729.0,-15,25,8,-24575.88,264.25,513.75,18,829.3374,23.01,-2.343427,4.837469,82.1925,1657.818
2022-10-31 06:27:42,-483.9238,-79.97068,16673.0,-19,-18,-23,8207.5,284.25,517.875,19,829.3376,23.01,-1.684963,4.370619,95.28122,1657.816
2022-10-31 06:27:43,-335.9576,-342.9678,16744.0,-3,-3,0,63.25,297.875,515.375,19,829.3127,23.01,-1.848163,2.427985,96.11942,1658.059
2022-10-31 06:27:43,-267.0074,-720.9482,16732.0,-9,3,-24,155.875,252.375,499.0,19,829.3274,23.01,-2.965928,-0.4210187,97.86204,1657.916
2022-10-31 06:27:43,-237.045,-500.9323,16735.0,-3,10,30,143.125,126.625,482.5,19,829.3035,23.02,-3.888923,-2.578894,99.07855,1658.148
2022-10-31 06:27:43,47.95749,-538.9453,16714.0,-3,-12,-101,-32766.88,99.0,481.125,20,829.3601,23.01,-3.136346,-2.436801,87.26544,1657.596
2022-10-31 06:27:44,-117.9998,-507.9418,16683.0,-17,-5,-13,-73.625,170.75,470.25,20,829.3423,23.01,-3.337069,0.008725569,86.39569,1657.771
2022-10-31 06:27:44,-222.9736,193.048,16725.0,2,-4,0,-77.125,192.625,471.75,20,829.3496,23.01,-2.751299,1.513979,85.72916,1657.697
2022-10-31 06:27:44,-222.959,-252.9561,16719.0,4,7,-1,-74.125,192.0,469.875,20,829.3384,23.02,-2.518636,2.351942,85.25619,1657.808
2022-10-31 06:27:44,-236.9515,-245.9595,16729.0,-24,-14,-1,-73.625,195.75,474.0,21,829.3325,23.02,-2.321501,2.778119,84.89116,1657.866
2022-10-31 06:27:45,-176.9473,59.03344,16772.0,-13,8,-101,-75.625,201.125,472.375,21,829.323,23.03,-1.918822,3.023281,84.41862,1657.958
2022-10-31 06:27:45,-153.9593,-206.9721,16744.0,30,12,-37,-42.625,253.125,475.875,21,829.3425,23.03,-1.601048,2.331395,84.47453,1657.768
2022-10-31 06:27:45,135.0286,-596.9647,16931.0,-11,46,-10,8214.75,265.625,462.25,21,829.3569,23.03,-2.027604,1.637431,97.55924,1657.625
2022-10-31 06:27:45,-349.9844,-232.9658,16735.0,-50,-4,-6,50.125,224.625,451.625,21,829.354,23.03,-1.962591,0.8914577,97.92577,1657.654
2022-10-31 06:27:46,-266.9899,-221.9751,16609.0,231,36,-17,42.5,213.375,473.125,22,829.3638,23.03,-1.429798,0.5780627,98.09251,1657.559
2022-10-31 06:27:46,-223.9905,48.01937,16807.0,-6,32,85,34.375,221.5,498.75,22,829.3582,23.03,-1.109995,0.5450243,98.27966,1657.615
2022-10-31 06:27:46,-179.9937,-1020.971,16757.0,-20,6,-2,39.75,224.375,510.375,22,829.3457,23.03,-1.690561,0.362961,98.37263,1657.736
2022-10-31 06:27:46,461.9977,-787.9655,16621.0,-33,20,31,38.0,230.125,517.25,22,829.3413,23.03,-1.977211,-0.1296241,98.4675,1657.778
2022-10-31 06:27:46,-188.0029,513.0209,16723.0,-7,-60,1,44.25,230.625,514.0,23,829.3308,23.03,-1.195977,-0.1691493,98.53265,1657.882
2022-10-31 06:27:47,-216.0092,-378.9768,16764.0,-4,-29,1,68.375,252.75,503.875,23,829.2964,23.03,-1.327926,-0.5269883,98.82124,1658.22
2022-10-31 06:27:47,-114.0359,-22.97102,16764.0,-8,10,9,144.375,257.75,476.0,23,829.3481,23.04,-1.661934,-2.057918,100.0261,1657.712
2022-10-31 06:27:47,-142.0746,-776.9405,16710.0,-20,-38,34,187.25,153.5,459.75,23,829.3599,23.05,-3.423099,-4.278069,101.7502,1657.599
2022-10-31 06:27:47,-114.0722,77.05097,16716.0,1,-3,-6,101.25,95.875,484.625,23,829.3186,23.05,-2.92946,-4.142188,101.9726,1658.0
2022-10-31 06:27:48,-616.0468,-19.96154,16418.0,185,462,-125,85.25,88.125,494.375,24,829.354,23.05,-2.206635,-2.680949,101.8923,1657.654
2022-10-31 06:27:48,-526.0235,-4321.947,17851.0,1052,-30,-341,31.125,118.25,505.25,24,829.3308,23.05,-3.040477,-1.34503,101.3759,1657.882
2022-10-31 06:27:48,-246.0236,-790.9356,16761.0,-8,-10,1,16387.63,148.875,526.375,24,829.3401,23.06,-3.694326,-1.34984,114.1635,1657.792
2022-10-31 06:27:48,-883.9644,-1734.933,16803.0,-12,25,-4,-14.875,192.75,535.125,24,829.3311,23.06,-3.850179,2.04378,113.1714,1657.879
2022-10-31 06:27:48,66.05849,218.044,16780.0,-35,-54,44,-15.875,217.375,539.25,25,829.3433,23.06,-2.524518,3.353831,112.4191,1657.76
2022-10-31 06:27:49,-252.9285,186.0222,16779.0,160,-41,31,-7.625,214.125,533.0,25,829.353,23.06,-1.274097,4.102658,111.9219,1657.665
2022-10-31 06:27:49,-125.9279,483.0064,16874.0,3,-129,5,-9.125,190.875,519.375,25,829.311,23.07,-0.3678181,4.134257,111.589,1658.074
2022-10-31 06:27:49,-125.9231,241.9979,16740.0,-9,11,-16,-23.75,165.125,517.0,25,829.3369,23.07,0.1222905,4.407812,111.2529,1657.823
2022-10-31 06:27:49,-231.9176,139.9928,16733.0,-2,-9,-6,-38.375,144.25,518.75,26,829.3411,23.07,0.4116339,4.728149,110.9607,1657.781
2022-10-31 06:27:50,-339.9019,-1298.991,16757.0,-16,-15,6,-71.125,134.0,517.0,26,829.3435,23.07,-0.5354396,5.627368,110.4766,1657.757
2022-10-31 06:27:50,-169.8741,-610.9837,16762.01,-10,-17,-12,-119.5,161.0,525.375,26,829.3438,23.07,-0.9405231,7.23485,109.5745,1657.755
2022-10-31 06:27:50,30.13747,1329.992,16738.01,11,2,-2,-108.125,217.75,544.875,26,829.3257,23.08,0.4547472,7.902014,108.8603,1657.932
2022-10-31 06:27:50,-155.8745,-526.0026,16779.01,-10,8,24,-57.375,211.375,563.75,26,829.3391,23.09,0.1521073,7.211968,108.5271,1657.8
2022-10-31 06:27:51,-263.8933,-685.9921,16689.01,-91,15,-50,-26.5,179.25,568.75,27,829.3579,23.09,-0.4577648,6.126491,108.3194,1657.617
2022-10-31 06:27:51,-227.9102,106.004,16703.0,-2,9,-1,-13.125,162.875,555.875,27,829.3674,23.09,-0.2286072,5.153049,108.2883,1657.522
2022-10-31 06:27:51,-232.9236,-661.989,16757.0,-4,15,2,-7.25,149.0,549.375,27,829.3401,23.09,-0.630408,4.380459,108.2164,1657.792
2022-10-31 06:27:51,-186.9331,-1486.973,16700.0,-17,25,6,-3.75,142.625,537.875,27,829.335,23.1,-1.556296,3.835285,108.097,1657.842
2022-10-31 06:27:51,-295.9339,-498.9833,17078.0,340,34,15,-11.125,139.0,531.375,28,829.3225,23.1,-0.9562514,3.791866,107.968,1657.964
2022-10-31 06:27:52,-430.9341,672.0012,16762.0,33,-53,6,-15.125,137.625,528.125,28,829.3362,23.11,-0.07136793,3.780715,107.8737,1657.829
2022-10-31 06:27:52,-96.93126,-799.9914,16739.0,3,62,21,-28.125,142.25,526.625,28,829.3416,23.1,-0.4956511,3.941815,107.6526,1657.776
2022-10-31 06:27:52,-206.9271,944.9918,16720.0,-1,-17,25,-34.875,144.375,526.25,28,829.3308,23.11,0.4689085,4.179001,107.49,1657.882
2022-10-31 06:27:52,-275.9239,336.9869,16721.0,-2,-18,-1,-39.75,136.75,525.125,29,829.3386,23.11,0.7502439,4.362931,107.2818,1657.805
2022-10-31 06:27:53,-450.9185,-767.0021,16743.0,-5,9,-151,-43.875,134.0,528.0,29,829.321,23.12,0.1194359,4.677179,106.7974,1657.977
2022-10-31 06:27:53,-350.9131,-11.00331,16743.0,-5,-8,51,-54.875,125.625,523.875,29,829.3386,23.12,0.1902534,4.98621,106.6273,1657.805
2022-10-31 06:27:53,-447.905,5.996253,16774.0,-7,7,-17,-64.75,118.5,518.75,29,829.3367,23.12,0.2156962,5.451953,106.3405,1657.826
2022-10-31 06:27:53,-516.8979,87.99613,16768.01,-5,-2,-230,-72.875,101.0,513.0,29,829.3328,23.13,0.2227284,5.862882,105.7775,1657.863
2022-10-31 06:27:54,-274.8963,-343.9981,16757.01,-6,-4,-188,-76.0,93.0,505.875,30,829.3425,23.13,-0.1079527,5.953357,105.2645,1657.768
2022-10-31 06:27:54,-205.8916,-33.99637,16736.01,-5,-4,-97,-86.5,87.0,497.25,30,829.3074,23.13,-0.2092305,6.225553,104.8612,1658.111
2022-10-31 06:27:54,-408.8787,-115.9918,16735.01,3,-3,-45,-103.5,87.875,494.75,30,829.3611,23.14,-0.475527,6.967563,104.4262,1657.586
2022-10-31 06:27:54,-305.874,-107.9898,16743.01,5,3,-9,-102.375,85.25,499.125,30,829.3479,23.14,-0.5882232,7.240857,104.1139,1657.715
2022-10-31 06:27:54,-278.8718,-175.9876,16743.01,4,-2,-9,-102.625,83.625,498.0,31,829.3472,23.14,-0.7145879,7.36421,103.8136,1657.723
2022-10-31 06:27:55,-183.8613,-29.98475,16746.01,2,-11,2,-125.625,98.75,496.875,31,829.3132,23.14,-0.882415,7.975964,103.3287,1658.053
2022-10-31 06:27:55,-143.8501,266.0145,16713.01,-3,-1,-235,-137.5,120.125,497.5,31,829.3164,23.15,-0.8398276,8.624961,102.3914,1658.022
2022-10-31 06:27:55,-144.8391,-94.98045,16731.01,15,12,-579,-146.875,139.25,489.375,31,829.3535,23.15,-1.134687,9.261391,100.7769,1657.66
2022-10-31 06:27:55,-192.8357,-341.9762,16735.01,-1,-4,-266,-141.125,155.25,489.0,31,829.3171,23.16,-1.383939,9.458212,99.65491,1658.016
2022-10-31 06:27:56,-281.8285,552.0156,16733.02,13,25,-185,-151.125,178.75,486.375,32,829.3408,23.16,-0.9055788,9.878242,98.59785,1657.784
2022-10-31 06:27:56,-384.8248,216.0123,16739.02,8,26,-34,-149.75,190.875,486.25,32,829.304,23.16,-0.7135072,10.09193,97.75993,1658.146
2022-10-31 06:27:56,-385.8242,-178.9851,16718.02,-1,0,-1,-149.625,190.875,483.375,32,829.3289,23.17,-0.8646935,10.12707,96.95199,1657.9
2022-10-31 06:27:56,-299.8276,-195.9832,16741.02,0,-10,-2,-146.75,191.125,487.25,32,829.3293,23.16,-0.9745599,9.929049,96.2098,1657.897
2022-10-31 06:27:56,-325.8278,-204.9811,16716.02,6,33,-2,-149.0,191.5,481.75,33,829.3303,23.17,-1.097282,9.918339,95.41929,1657.887
2022-10-31 06:27:57,-314.8292,-189.9791,16744.02,0,-4,-2,-152.75,188.625,487.375,33,829.3481,23.17,-1.215781,9.832809,94.64835,1657.712
2022-10-31 06:27:57,-403.8346,213.0214,16746.01,-12,-82,-1000,-145.375,188.75,483.25,33,829.3296,23.16,-1.241279,9.520996,92.53423,1657.895
2022-10-31 06:27:57,-791.8277,182.0354,16770.02,19,6,-3289,-164.0,153.25,478.75,33,829.3462,23.17,-2.058464,9.923461,87.02753,1657.731
2022-10-31 06:27:57,-418.831,-669.9449,16713.02,13,-8,-1918,-169.25,97.5,479.375,34,829.3425,23.16,-3.202606,9.729387,83.58787,1657.768
2022-10-31 06:27:58,-430.83,241.0714,16773.02,45,40,-2573,-177.625,36.125,467.125,34,829.3716,23.17,-4.153229,9.787336,79.26821,1657.483
2022-10-31 06:27:58,-263.8315,-89.92059,16735.02,-5,5,-231,-180.0,31.25,466.375,34,829.3674,23.17,-4.621377,9.701747,78.36282,1657.522
2022-10-31 06:27:58,-287.8329,-293.9134,16739.02,-3,-2,-1,-179.75,31.0,466.375,34,829.3337,23.18,-5.042418,9.622799,77.7943,1657.853
2022-10-31 06:27:58,-465.8625,-2051.899,16700.01,8,26,-1397,-189.0,24578.5,451.625,35,829.3513,23.18,-5.829405,7.90421,78.05795,1657.681
2022-10-31 06:27:59,-621.8472,-1084.866,16905.02,-4,-116,-768,-190.625,-8.25,448.25,35,829.3564,23.17,-7.798912,8.792359,75.8982,1657.63
2022-10-31 06:27:59,-258.8875,-307.8136,16688.02,-1,8,-1,-190.375,-8202.25,448.5,35,829.3486,23.17,-10.81097,6.462383,72.73089,1657.707
2022-10-31 06:27:59,-280.8693,-327.8185,16744.03,-3,-2,-1,-188.875,-8.125,445.5,35,829.3362,23.18,-10.54972,7.511495,71.85349,1657.829
2022-10-31 06:27:59,-1160.855,-567.8256,16545.03,42,-299,-102,-191.875,15.375,437.0,35,829.3567,23.18,-10.15136,8.34689,70.95995,1657.628
2022-10-31 06:28:00,-276.8485,-1358.823,16774.03,1,33,-251,-204.625,54.0,417.125,36,829.3396,23.18,-10.34191,8.712229,69.53571,1657.797
2022-10-31 06:28:00,-131.8456,1213.145,16820.02,11,132,-350,-198.5,77.125,382.25,36,829.3467,23.18,-8.432575,8.880321,68.24301,1657.726
2022-10-31 06:28:00,-387.8458,61.1309,16766.02,0,4,-48,-184.625,78.0,368.0,36,829.343,23.18,-7.613775,8.869602,67.39465,1657.763
2022-10-31 06:28:00,-286.8521,-672.8732,16770.02,-14,6,-24,-155.25,53.125,359.75,36,829.3499,23.18,-7.369034,8.502689,66.80242,1657.697
2022-10-31 06:28:00,-443.8542,431.1112,16735.02,-3,10,7,-150.875,33.625,371.5,37,829.3254,23.19,-6.452496,8.384444,66.41441,1657.934
2022-10-31 06:28:01,-467.8548,-892.8815,16719.02,-4,-5,4,-155.875,28.75,383.5,37,829.3489,23.19,-6.881745,8.347594,65.81178,1657.704
2022-10-31 06:28:01,-549.8601,-909.882,16773.02,-14,-17,7,-162.75,53.0,416.5,37,829.3342,23.2,-6.847826,8.042429,65.38177,1657.847
2022-10-31 06:28:01,-565.872,110.0975,16742.01,-11,7,-13,-151.0,85.5,422.125,37,829.323,23.19,-5.63956,7.355627,65.26422,1657.958
2022-10-31 06:28:01,-450.8923,-230.9192,16665.01,-21,-12,-4,-125.375,106.625,418.125,37,829.3608,23.2,-4.659803,6.18221,65.34659,1657.588
2022-10-31 06:28:02,-500.9125,153.0601,16711.01,-5,-10,-2,-107.125,123.375,412.0,38,829.3391,23.2,-3.459154,5.020801,65.55588,1657.8
2022-10-31 06:28:02,-487.9323,-1339.938,16722.0,0,4,6,-87.875,134.625,395.5,38,829.3503,23.2,-3.53973,3.884937,65.75278,1657.691
2022-10-31 06:28:02,-460.9625,110.041,16716.0,-19,3,2,-54.375,157.5,381.25,38,829.3267,23.2,-2.349021,2.150152,66.46636,1657.921
2022-10-31 06:28:02,-500.9571,-801.9459,16747.0,-11,5,3,-16396.5,164.875,367.125,38,829.3474,23.2,-3.105966,2.46016,55.59959,1657.72
2022-10-31 06:28:02,-536.068,-1009.936,16747.0,-29,0,-5,103.625,125.0,360.125,39,829.3391,23.21,-3.657268,-3.899775,58.45456,1657.8
2022-10-31 06:28:03,-514.0414,-242.9472,16694.0,-15,-8,3,135.625,24581.25,362.125,39,829.3486,23.21,-3.027128,-2.375557,65.19469,1657.707
2022-10-31 06:28:03,-421.0722,-6.905232,16733.01,-11,-4,-1,69.25,-55.875,371.75,39,829.3223,23.21,-5.452616,-4.141133,65.55131,1657.966
2022-10-31 06:28:03,-457.0471,-290.8958,16739.01,-6,7,-7,10.25,-57.125,376.875,39,829.3218,23.22,-5.988239,-2.703406,65.52388,1657.971
2022-10-31 06:28:03,-549.0328,-2193.894,16737.01,-9,-3,0,-16388.63,-46.875,379.875,40,829.3408,23.22,-6.105963,-1.88057,54.67615,1657.784
2022-10-31 06:28:04,-511.0146,-737.8961,16747.01,0,2,-1,-6.5,-44.5,380.5,40,829.3215,23.23,-5.965999,-0.8377234,54.64577,1657.971
2022-10-31 06:28:04,-539.001,-695.9011,16741.01,-5,0,-1,-9.375,-42.625,384.125,40,829.3562,23.24,-5.674663,-0.05649879,54.62705,1657.633
2022-10-31 06:28:04,-524.9916,-718.905,16700.0,-20,15,-1,-9.375,-43.5,388.0,40,829.3574,23.25,-5.448544,0.4774193,54.61578,1657.623
2022-10-31 06:28:04,-516.9857,-640.9091,16700.0,1,-1,0,-11.0,-43.5,387.25,40,829.3083,23.25,-5.21428,0.8172535,54.61076,1658.101
2022-10-31 06:28:05,-534.9827,-638.9139,16727.0,-1,-1,0,-8.125,-41.875,388.25,41,829.3225,23.26,-4.943033,0.9900401,54.61229,1657.964
2022-10-31 06:28:05,-538.9814,-645.9142,16722.0,0,0,-1,-9.125,-43.25,387.0,41,829.3328,23.26,-4.92311,1.06672,54.60495,1657.863
2022-10-31 06:28:05,-514.9729,-636.9122,16721.0,1,-1,-1,-8199.625,-42.125,388.25,41,829.3538,23.27,-5.040045,1.553798,44.82304,1657.657
2022-10-31 06:28:05,-520.9766,-643.9149,16733.0,-1,-1,0,-8.5,-42.625,389.0,41,829.3606,23.27,-4.881202,1.342424,44.82438,1657.591
2022-10-31 06:28:05,-525.9793,-635.9176,16735.0,-2,-2,-1,-6.875,-40.875,387.5,42,829.3521,23.28,-4.726667,1.184041,44.82421,1657.673
2022-10-31 06:28:06,-546.9725,-630.9164,16682.0,1,-1,0,-8198.875,-41.375,387.625,42,829.3638,23.28,-4.797806,1.572699,36.29144,1657.559
2022-10-31 06:28:06,-541.9788,-629.9173,16725.0,-1,0,-1,-6.25,-42.125,385.0,42,829.3296,23.28,-4.74399,1.216338,36.28696,1657.895
2022-10-31 06:28:06,-518.9822,-631.9184,16741.0,0,1,-1,-6.25,-42.0,388.0,42,829.3535,23.29,-4.683312,1.018028,36.28123,1657.66
2022-10-31 06:28:06,-544.983,-633.9199,16734.0,-1,-2,-1,-7.25,-41.125,391.375,43,829.3357,23.3,-4.594012,0.9768156,36.27621,1657.834
2022-10-31 06:28:07,-525.9844,-638.9188,16727.0,1,0,-2,-7.75,-42.625,386.5,43,829.3262,23.3,-4.658566,0.8926462,36.26274,1657.927

